celebrity,class
/Kobe Bryant/kobe_(79).jpg,Kobe Bryant
/Kobe Bryant/kobe_(41).jpg,Kobe Bryant
/Kobe Bryant/kobe_(38).jpg,Kobe Bryant
/Kobe Bryant/kobe_(66).jpg,Kobe Bryant
/Kobe Bryant/kobe_(15).jpg,Kobe Bryant
/Kobe Bryant/kobe_(83).jpg,Kobe Bryant
/Kobe Bryant/kobe_(80).jpg,Kobe Bryant
/Kobe Bryant/kobe_(39).jpg,Kobe Bryant
/Kobe Bryant/kobe_(40).jpg,Kobe Bryant
/Kobe Bryant/kobe_(57).jpg,Kobe Bryant
/Kobe Bryant/kobe_(54).jpg,Kobe Bryant
/Kobe Bryant/kobe_(84).jpg,Kobe Bryant
/Kobe Bryant/kobe_(67).jpg,Kobe Bryant
/Kobe Bryant/kobe_(49).jpg,Kobe Bryant
/Kobe Bryant/kobe_(20).jpg,Kobe Bryant
/Kobe Bryant/kobe_(5).jpg,Kobe Bryant
/Kobe Bryant/kobe_(32).jpg,Kobe Bryant
/Kobe Bryant/kobe_(90).jpg,Kobe Bryant
/Kobe Bryant/kobe_(25).jpg,Kobe Bryant
/Kobe Bryant/kobe_(94).jpg,Kobe Bryant
/Kobe Bryant/kobe_(2).jpg,Kobe Bryant
/Kobe Bryant/kobe_(93).jpg,Kobe Bryant
/Kobe Bryant/kobe_(95).jpg,Kobe Bryant
/Kobe Bryant/kobe_(59).jpg,Kobe Bryant
/Kobe Bryant/kobe_(13).jpg,Kobe Bryant
/Kobe Bryant/kobe_(47).jpg,Kobe Bryant
/Kobe Bryant/kobe_(50).jpg,Kobe Bryant
/Kobe Bryant/kobe_(68).jpg,Kobe Bryant
/Kobe Bryant/kobe_(101).jpg,Kobe Bryant
/Kobe Bryant/kobe_(109).jpg,Kobe Bryant
/Kobe Bryant/kobe_(34).jpg,Kobe Bryant
/Kobe Bryant/kobe_(63).jpg,Kobe Bryant
/Kobe Bryant/kobe_(23).jpg,Kobe Bryant
/Kobe Bryant/kobe_(4).jpg,Kobe Bryant
/Kobe Bryant/kobe_(91).jpg,Kobe Bryant
/Kobe Bryant/kobe_(26).jpg,Kobe Bryant
/Kobe Bryant/kobe_(107).jpg,Kobe Bryant
/Kobe Bryant/kobe_(42).jpg,Kobe Bryant
/Kobe Bryant/kobe_(24).jpg,Kobe Bryant
/Kobe Bryant/kobe_(8).jpg,Kobe Bryant
/Kobe Bryant/kobe_(100).jpg,Kobe Bryant
/Kobe Bryant/kobe_(99).jpg,Kobe Bryant
/Kobe Bryant/kobe_(61).jpg,Kobe Bryant
/Kobe Bryant/kobe_(29).jpg,Kobe Bryant
/Kobe Bryant/kobe_(43).jpg,Kobe Bryant
/Kobe Bryant/kobe_(72).jpg,Kobe Bryant
/Kobe Bryant/kobe_(82).jpg,Kobe Bryant
/Kobe Bryant/kobe_(30).jpg,Kobe Bryant
/Kobe Bryant/kobe_(74).jpg,Kobe Bryant
/Kobe Bryant/kobe_(44).jpg,Kobe Bryant
/Kobe Bryant/kobe_(52).jpg,Kobe Bryant
/Kobe Bryant/kobe_(51).jpg,Kobe Bryant
/Kobe Bryant/kobe_(31).jpg,Kobe Bryant
/Kobe Bryant/kobe_(9).jpg,Kobe Bryant
/Kobe Bryant/kobe_(77).jpg,Kobe Bryant
/Kobe Bryant/kobe_(3).jpg,Kobe Bryant
/Kobe Bryant/kobe_(45).jpg,Kobe Bryant
/Kobe Bryant/kobe_(98).jpg,Kobe Bryant
/Kobe Bryant/kobe_(97).jpg,Kobe Bryant
/Kobe Bryant/kobe_(103).jpg,Kobe Bryant
/Kobe Bryant/kobe_(56).jpg,Kobe Bryant
/Kobe Bryant/kobe_(27).jpg,Kobe Bryant
/Kobe Bryant/kobe_(12).jpg,Kobe Bryant
/Kobe Bryant/kobe_(65).jpg,Kobe Bryant
/Kobe Bryant/kobe_(62).jpg,Kobe Bryant
/Kobe Bryant/kobe_(14).jpg,Kobe Bryant
/Kobe Bryant/kobe_(81).jpg,Kobe Bryant
/Kobe Bryant/kobe_(53).jpg,Kobe Bryant
/Kobe Bryant/kobe_(89).jpg,Kobe Bryant
/Kobe Bryant/kobe_(58).jpg,Kobe Bryant
/Kobe Bryant/kobe_(92).jpg,Kobe Bryant
/Kobe Bryant/kobe_(78).jpg,Kobe Bryant
/Kobe Bryant/kobe_(11).jpg,Kobe Bryant
/Kobe Bryant/kobe_(87).jpg,Kobe Bryant
/Kobe Bryant/kobe_(6).jpg,Kobe Bryant
/Kobe Bryant/kobe_(21).jpg,Kobe Bryant
/Kobe Bryant/kobe_(18).jpg,Kobe Bryant
/Kobe Bryant/kobe_(35).jpg,Kobe Bryant
/Kobe Bryant/kobe_(33).jpg,Kobe Bryant
/Kobe Bryant/kobe_(60).jpg,Kobe Bryant
/Kobe Bryant/kobe_(71).jpg,Kobe Bryant
/Kobe Bryant/kobe_(1).jpg,Kobe Bryant
/Kobe Bryant/kobe_(86).jpg,Kobe Bryant
/Kobe Bryant/kobe_(7).jpg,Kobe Bryant
/Kobe Bryant/kobe_(17).jpg,Kobe Bryant
/Kobe Bryant/kobe_(105).jpg,Kobe Bryant
/Kobe Bryant/kobe_(64).jpg,Kobe Bryant
/Kobe Bryant/kobe_(108).jpg,Kobe Bryant
/Kobe Bryant/kobe_(110).jpg,Kobe Bryant
/Kobe Bryant/kobe_(48).jpg,Kobe Bryant
/Kobe Bryant/kobe_(96).jpg,Kobe Bryant
/Kobe Bryant/kobe_(37).jpg,Kobe Bryant
/Kobe Bryant/kobe_(70).jpg,Kobe Bryant
/Kobe Bryant/kobe_(10).jpg,Kobe Bryant
/Kobe Bryant/kobe_(104).jpg,Kobe Bryant
/Kobe Bryant/kobe_(73).jpg,Kobe Bryant
/Kobe Bryant/kobe_(88).jpg,Kobe Bryant
/Kobe Bryant/kobe_(102).jpg,Kobe Bryant
/Kobe Bryant/kobe_(106).jpg,Kobe Bryant
/Kobe Bryant/kobe_(28).jpg,Kobe Bryant
/Kobe Bryant/kobe_(46).jpg,Kobe Bryant
/Kobe Bryant/kobe_(55).jpg,Kobe Bryant
/Kobe Bryant/kobe_(76).jpg,Kobe Bryant
/Kobe Bryant/kobe_(36).jpg,Kobe Bryant
/Kobe Bryant/kobe_(16).jpg,Kobe Bryant
/Kobe Bryant/kobe_(22).jpg,Kobe Bryant
/Kobe Bryant/kobe_(75).jpg,Kobe Bryant
/Kobe Bryant/kobe_(85).jpg,Kobe Bryant
/Kobe Bryant/kobe_(19).jpg,Kobe Bryant
/Kobe Bryant/kobe_(69).jpg,Kobe Bryant
/Ronaldo/ronaldo_(58).jpg,Ronaldo
/Ronaldo/ronaldo_(85).jpg,Ronaldo
/Ronaldo/ronaldo_(88).jpg,Ronaldo
/Ronaldo/ronaldo_(63).jpg,Ronaldo
/Ronaldo/ronaldo_(20).jpg,Ronaldo
/Ronaldo/ronaldo_(5).jpg,Ronaldo
/Ronaldo/ronaldo_(24).jpg,Ronaldo
/Ronaldo/ronaldo_(64).jpg,Ronaldo
/Ronaldo/ronaldo_(52).jpg,Ronaldo
/Ronaldo/ronaldo_(103).jpg,Ronaldo
/Ronaldo/ronaldo_(29).jpg,Ronaldo
/Ronaldo/ronaldo_(33).jpg,Ronaldo
/Ronaldo/ronaldo_(84).jpg,Ronaldo
/Ronaldo/ronaldo_(47).jpg,Ronaldo
/Ronaldo/ronaldo_(39).jpg,Ronaldo
/Ronaldo/ronaldo_(92).jpg,Ronaldo
/Ronaldo/ronaldo_(36).jpg,Ronaldo
/Ronaldo/ronaldo_(13).jpg,Ronaldo
/Ronaldo/ronaldo_(25).jpg,Ronaldo
/Ronaldo/ronaldo_(26).jpg,Ronaldo
/Ronaldo/ronaldo_(66).jpg,Ronaldo
/Ronaldo/ronaldo_(31).jpg,Ronaldo
/Ronaldo/ronaldo_(53).jpg,Ronaldo
/Ronaldo/ronaldo_(14).jpg,Ronaldo
/Ronaldo/ronaldo_(94).jpg,Ronaldo
/Ronaldo/ronaldo_(77).jpg,Ronaldo
/Ronaldo/ronaldo_(98).jpg,Ronaldo
/Ronaldo/ronaldo_(37).jpg,Ronaldo
/Ronaldo/ronaldo_(97).jpg,Ronaldo
/Ronaldo/ronaldo_(51).jpg,Ronaldo
/Ronaldo/ronaldo_(4).jpg,Ronaldo
/Ronaldo/ronaldo_(78).jpg,Ronaldo
/Ronaldo/ronaldo_(18).jpg,Ronaldo
/Ronaldo/ronaldo_(65).jpg,Ronaldo
/Ronaldo/ronaldo_(7).jpg,Ronaldo
/Ronaldo/ronaldo_(81).jpg,Ronaldo
/Ronaldo/ronaldo_(70).jpg,Ronaldo
/Ronaldo/ronaldo_(74).jpg,Ronaldo
/Ronaldo/ronaldo_(49).jpg,Ronaldo
/Ronaldo/ronaldo_(60).jpg,Ronaldo
/Ronaldo/ronaldo_(42).jpg,Ronaldo
/Ronaldo/ronaldo_(68).jpg,Ronaldo
/Ronaldo/ronaldo_(108).jpg,Ronaldo
/Ronaldo/ronaldo_(102).jpg,Ronaldo
/Ronaldo/ronaldo_(95).jpg,Ronaldo
/Ronaldo/ronaldo_(2).jpg,Ronaldo
/Ronaldo/ronaldo_(99).jpg,Ronaldo
/Ronaldo/ronaldo_(107).jpg,Ronaldo
/Ronaldo/ronaldo_(27).jpg,Ronaldo
/Ronaldo/ronaldo_(28).jpg,Ronaldo
/Ronaldo/ronaldo_(6).jpg,Ronaldo
/Ronaldo/ronaldo_(109).jpg,Ronaldo
/Ronaldo/ronaldo_(71).jpg,Ronaldo
/Ronaldo/ronaldo_(45).jpg,Ronaldo
/Ronaldo/ronaldo_(69).jpg,Ronaldo
/Ronaldo/ronaldo_(75).jpg,Ronaldo
/Ronaldo/ronaldo_(15).jpg,Ronaldo
/Ronaldo/ronaldo_(23).jpg,Ronaldo
/Ronaldo/ronaldo_(10).jpg,Ronaldo
/Ronaldo/ronaldo_(83).jpg,Ronaldo
/Ronaldo/ronaldo_(90).jpg,Ronaldo
/Ronaldo/ronaldo_(50).jpg,Ronaldo
/Ronaldo/ronaldo_(86).jpg,Ronaldo
/Ronaldo/ronaldo_(11).jpg,Ronaldo
/Ronaldo/ronaldo_(106).jpg,Ronaldo
/Ronaldo/ronaldo_(110).jpg,Ronaldo
/Ronaldo/ronaldo_(80).jpg,Ronaldo
/Ronaldo/ronaldo_(79).jpg,Ronaldo
/Ronaldo/ronaldo_(44).jpg,Ronaldo
/Ronaldo/ronaldo_(43).jpg,Ronaldo
/Ronaldo/ronaldo_(1).jpg,Ronaldo
/Ronaldo/ronaldo_(30).jpg,Ronaldo
/Ronaldo/ronaldo_(61).jpg,Ronaldo
/Ronaldo/ronaldo_(16).jpg,Ronaldo
/Ronaldo/ronaldo_(91).jpg,Ronaldo
/Ronaldo/ronaldo_(82).jpg,Ronaldo
/Ronaldo/ronaldo_(104).jpg,Ronaldo
/Ronaldo/ronaldo_(35).jpg,Ronaldo
/Ronaldo/ronaldo_(48).jpg,Ronaldo
/Ronaldo/ronaldo_(21).jpg,Ronaldo
/Ronaldo/ronaldo_(96).jpg,Ronaldo
/Ronaldo/ronaldo_(89).jpg,Ronaldo
/Ronaldo/ronaldo_(56).jpg,Ronaldo
/Ronaldo/ronaldo_(73).jpg,Ronaldo
/Ronaldo/ronaldo_(72).jpg,Ronaldo
/Ronaldo/ronaldo_(59).jpg,Ronaldo
/Ronaldo/ronaldo_(93).jpg,Ronaldo
/Ronaldo/ronaldo_(100).jpg,Ronaldo
/Ronaldo/ronaldo_(40).jpg,Ronaldo
/Ronaldo/ronaldo_(87).jpg,Ronaldo
/Ronaldo/ronaldo_(54).jpg,Ronaldo
/Ronaldo/ronaldo_(76).jpg,Ronaldo
/Ronaldo/ronaldo_(22).jpg,Ronaldo
/Ronaldo/ronaldo_(38).jpg,Ronaldo
/Ronaldo/ronaldo_(55).jpg,Ronaldo
/Ronaldo/ronaldo_(57).jpg,Ronaldo
/Ronaldo/ronaldo_(32).jpg,Ronaldo
/Ronaldo/ronaldo_(19).jpg,Ronaldo
/Ronaldo/ronaldo_(105).jpg,Ronaldo
/Ronaldo/ronaldo_(8).jpg,Ronaldo
/Ronaldo/ronaldo_(46).jpg,Ronaldo
/Ronaldo/ronaldo_(9).jpg,Ronaldo
/Ronaldo/ronaldo_(12).jpg,Ronaldo
/Ronaldo/ronaldo_(41).jpg,Ronaldo
/Ronaldo/ronaldo_(17).jpg,Ronaldo
/Ronaldo/ronaldo_(62).jpg,Ronaldo
/Ronaldo/ronaldo_(67).jpg,Ronaldo
/Ronaldo/ronaldo_(3).jpg,Ronaldo
/Ronaldo/ronaldo_(34).jpg,Ronaldo
/Maria Sharapova/Sharapova_ (86).jpg,Maria Sharapova
/Maria Sharapova/Sharapova_ (57).jpg,Maria Sharapova
/Maria Sharapova/Sharapova_ (4).jpg,Maria Sharapova
/Maria Sharapova/Sharapova_ (45).jpg,Maria Sharapova
/Maria Sharapova/Sharapova_ (72).jpg,Maria Sharapova
/Maria Sharapova/Sharapova_ (1).jpg,Maria Sharapova
/Maria Sharapova/Sharapova_ (9).jpg,Maria Sharapova
/Maria Sharapova/Sharapova_ (84).jpg,Maria Sharapova
/Maria Sharapova/Sharapova_ (80).jpg,Maria Sharapova
/Maria Sharapova/Sharapova_ (56).jpg,Maria Sharapova
/Maria Sharapova/Sharapova_ (43).jpg,Maria Sharapova
/Maria Sharapova/Sharapova_ (74).jpg,Maria Sharapova
/Maria Sharapova/Sharapova_ (96).jpg,Maria Sharapova
/Maria Sharapova/Sharapova_ (98).jpg,Maria Sharapova
/Maria Sharapova/Sharapova_ (15).jpg,Maria Sharapova
/Maria Sharapova/Sharapova_ (13).jpg,Maria Sharapova
/Maria Sharapova/Sharapova_ (39).jpg,Maria Sharapova
/Maria Sharapova/Sharapova_ (35).jpg,Maria Sharapova
/Maria Sharapova/Sharapova_ (70).jpg,Maria Sharapova
/Maria Sharapova/Sharapova_ (37).jpg,Maria Sharapova
/Maria Sharapova/Sharapova_ (75).jpg,Maria Sharapova
/Maria Sharapova/Sharapova_ (81).jpg,Maria Sharapova
/Maria Sharapova/Sharapova_ (93).jpg,Maria Sharapova
/Maria Sharapova/Sharapova_ (50).jpg,Maria Sharapova
/Maria Sharapova/Sharapova_ (94).jpg,Maria Sharapova
/Maria Sharapova/Sharapova_ (28).jpg,Maria Sharapova
/Maria Sharapova/Sharapova_ (46).jpg,Maria Sharapova
/Maria Sharapova/Sharapova_ (89).jpg,Maria Sharapova
/Maria Sharapova/Sharapova_ (61).jpg,Maria Sharapova
/Maria Sharapova/Sharapova_ (88).jpg,Maria Sharapova
/Maria Sharapova/Sharapova_ (65).jpg,Maria Sharapova
/Maria Sharapova/Sharapova_ (59).jpg,Maria Sharapova
/Maria Sharapova/Sharapova_ (83).jpg,Maria Sharapova
/Maria Sharapova/Sharapova_ (69).jpg,Maria Sharapova
/Maria Sharapova/Sharapova_ (103).jpg,Maria Sharapova
/Maria Sharapova/Sharapova_ (73).jpg,Maria Sharapova
/Maria Sharapova/Sharapova_ (87).jpg,Maria Sharapova
/Maria Sharapova/Sharapova_ (49).jpg,Maria Sharapova
/Maria Sharapova/Sharapova_ (6).jpg,Maria Sharapova
/Maria Sharapova/Sharapova_ (44).jpg,Maria Sharapova
/Maria Sharapova/Sharapova_ (40).jpg,Maria Sharapova
/Maria Sharapova/Sharapova_ (20).jpg,Maria Sharapova
/Maria Sharapova/Sharapova_ (101).jpg,Maria Sharapova
/Maria Sharapova/Sharapova_ (10).jpg,Maria Sharapova
/Maria Sharapova/Sharapova_ (27).jpg,Maria Sharapova
/Maria Sharapova/Sharapova_ (66).jpg,Maria Sharapova
/Maria Sharapova/Sharapova_ (77).jpg,Maria Sharapova
/Maria Sharapova/Sharapova_ (36).jpg,Maria Sharapova
/Maria Sharapova/Sharapova_ (21).jpg,Maria Sharapova
/Maria Sharapova/Sharapova_ (71).jpg,Maria Sharapova
/Maria Sharapova/Sharapova_ (53).jpg,Maria Sharapova
/Maria Sharapova/Sharapova_ (12).jpg,Maria Sharapova
/Maria Sharapova/Sharapova_ (24).jpg,Maria Sharapova
/Maria Sharapova/Sharapova_ (48).jpg,Maria Sharapova
/Maria Sharapova/Sharapova_ (76).jpg,Maria Sharapova
/Maria Sharapova/Sharapova_ (32).jpg,Maria Sharapova
/Maria Sharapova/Sharapova_ (33).jpg,Maria Sharapova
/Maria Sharapova/Sharapova_ (17).jpg,Maria Sharapova
/Maria Sharapova/Sharapova_ (22).jpg,Maria Sharapova
/Maria Sharapova/Sharapova_ (11).jpg,Maria Sharapova
/Maria Sharapova/Sharapova_ (64).jpg,Maria Sharapova
/Maria Sharapova/Sharapova_ (7).jpg,Maria Sharapova
/Maria Sharapova/Sharapova_ (18).jpg,Maria Sharapova
/Maria Sharapova/Sharapova_ (26).jpg,Maria Sharapova
/Maria Sharapova/Sharapova_ (47).jpg,Maria Sharapova
/Maria Sharapova/Sharapova_ (19).jpg,Maria Sharapova
/Maria Sharapova/Sharapova_ (95).jpg,Maria Sharapova
/Maria Sharapova/Sharapova_ (102).jpg,Maria Sharapova
/Maria Sharapova/Sharapova_ (92).jpg,Maria Sharapova
/Maria Sharapova/Sharapova_ (62).jpg,Maria Sharapova
/Maria Sharapova/Sharapova_ (55).jpg,Maria Sharapova
/Maria Sharapova/Sharapova_ (42).jpg,Maria Sharapova
/Maria Sharapova/Sharapova_ (99).jpg,Maria Sharapova
/Maria Sharapova/Sharapova_ (16).jpg,Maria Sharapova
/Maria Sharapova/Sharapova_ (79).jpg,Maria Sharapova
/Maria Sharapova/Sharapova_ (85).jpg,Maria Sharapova
/Maria Sharapova/Sharapova_ (23).jpg,Maria Sharapova
/Maria Sharapova/Sharapova_ (41).jpg,Maria Sharapova
/Maria Sharapova/Sharapova_ (51).jpg,Maria Sharapova
/Maria Sharapova/Sharapova_ (30).jpg,Maria Sharapova
/Maria Sharapova/Sharapova_ (54).jpg,Maria Sharapova
/Maria Sharapova/Sharapova_ (97).jpg,Maria Sharapova
/Maria Sharapova/Sharapova_ (3).jpg,Maria Sharapova
/Maria Sharapova/Sharapova_ (25).jpg,Maria Sharapova
/Maria Sharapova/Sharapova_ (8).jpg,Maria Sharapova
/Maria Sharapova/Sharapova_ (38).jpg,Maria Sharapova
/Maria Sharapova/Sharapova_ (60).jpg,Maria Sharapova
/Maria Sharapova/Sharapova_ (91).jpg,Maria Sharapova
/Maria Sharapova/Sharapova_ (67).jpg,Maria Sharapova
/Maria Sharapova/Sharapova_ (68).jpg,Maria Sharapova
/Maria Sharapova/Sharapova_ (34).jpg,Maria Sharapova
/Maria Sharapova/Sharapova_ (29).jpg,Maria Sharapova
/Maria Sharapova/Sharapova_ (2).jpg,Maria Sharapova
/Maria Sharapova/Sharapova_ (14).jpg,Maria Sharapova
/Maria Sharapova/Sharapova_ (5).jpg,Maria Sharapova
/Maria Sharapova/Sharapova_ (90).jpg,Maria Sharapova
/Maria Sharapova/Sharapova_ (63).jpg,Maria Sharapova
/Maria Sharapova/Sharapova_ (31).jpg,Maria Sharapova
/Maria Sharapova/Sharapova_ (100).jpg,Maria Sharapova
/Maria Sharapova/Sharapova_ (78).jpg,Maria Sharapova
/Maria Sharapova/Sharapova_ (82).jpg,Maria Sharapova
/Maria Sharapova/Sharapova_ (52).jpg,Maria Sharapova
/Maria Sharapova/Sharapova_ (58).jpg,Maria Sharapova
/Kane Williamson/kane_(77).jpg,Kane Williamson
/Kane Williamson/kane_(71).jpg,Kane Williamson
/Kane Williamson/kane_(15).jpg,Kane Williamson
/Kane Williamson/kane_(45).jpg,Kane Williamson
/Kane Williamson/kane_(104).jpg,Kane Williamson
/Kane Williamson/kane_(56).jpg,Kane Williamson
/Kane Williamson/kane_(4).jpg,Kane Williamson
/Kane Williamson/kane_(83).jpg,Kane Williamson
/Kane Williamson/kane_(23).jpg,Kane Williamson
/Kane Williamson/kane_(92).jpg,Kane Williamson
/Kane Williamson/kane_(7).jpg,Kane Williamson
/Kane Williamson/kane_(95).jpg,Kane Williamson
/Kane Williamson/kane_(6).jpg,Kane Williamson
/Kane Williamson/kane_(87).jpg,Kane Williamson
/Kane Williamson/kane_(97).jpg,Kane Williamson
/Kane Williamson/kane_(79).jpg,Kane Williamson
/Kane Williamson/kane_(67).jpg,Kane Williamson
/Kane Williamson/kane_(57).jpg,Kane Williamson
/Kane Williamson/kane_(117).jpg,Kane Williamson
/Kane Williamson/kane_(55).jpg,Kane Williamson
/Kane Williamson/kane_(30).jpg,Kane Williamson
/Kane Williamson/kane_(48).jpg,Kane Williamson
/Kane Williamson/kane_(72).jpg,Kane Williamson
/Kane Williamson/kane_(107).jpg,Kane Williamson
/Kane Williamson/kane_(108).jpg,Kane Williamson
/Kane Williamson/kane_(85).jpg,Kane Williamson
/Kane Williamson/kane_(35).jpg,Kane Williamson
/Kane Williamson/kane_(86).jpg,Kane Williamson
/Kane Williamson/kane_(116).jpg,Kane Williamson
/Kane Williamson/kane_(32).jpg,Kane Williamson
/Kane Williamson/kane_(54).jpg,Kane Williamson
/Kane Williamson/kane_(106).jpg,Kane Williamson
/Kane Williamson/kane_(44).jpg,Kane Williamson
/Kane Williamson/kane_(66).jpg,Kane Williamson
/Kane Williamson/kane_(22).jpg,Kane Williamson
/Kane Williamson/kane_(118).jpg,Kane Williamson
/Kane Williamson/kane_(10).jpg,Kane Williamson
/Kane Williamson/kane_(39).jpg,Kane Williamson
/Kane Williamson/kane_(34).jpg,Kane Williamson
/Kane Williamson/kane_(8).jpg,Kane Williamson
/Kane Williamson/kane_(68).jpg,Kane Williamson
/Kane Williamson/kane_(27).jpg,Kane Williamson
/Kane Williamson/kane_(58).jpg,Kane Williamson
/Kane Williamson/kane_(73).jpg,Kane Williamson
/Kane Williamson/kane_(93).jpg,Kane Williamson
/Kane Williamson/kane_(82).jpg,Kane Williamson
/Kane Williamson/kane_(37).jpg,Kane Williamson
/Kane Williamson/kane_(9).jpg,Kane Williamson
/Kane Williamson/kane_(74).jpg,Kane Williamson
/Kane Williamson/kane_(53).jpg,Kane Williamson
/Kane Williamson/kane_(50).jpg,Kane Williamson
/Kane Williamson/kane_(88).jpg,Kane Williamson
/Kane Williamson/kane_(21).jpg,Kane Williamson
/Kane Williamson/kane_(52).jpg,Kane Williamson
/Kane Williamson/kane_(36).jpg,Kane Williamson
/Kane Williamson/kane_(2).jpg,Kane Williamson
/Kane Williamson/kane_(12).jpg,Kane Williamson
/Kane Williamson/kane_(14).jpg,Kane Williamson
/Kane Williamson/kane_(113).jpg,Kane Williamson
/Kane Williamson/kane_(65).jpg,Kane Williamson
/Kane Williamson/kane_(20).jpg,Kane Williamson
/Kane Williamson/kane_(49).jpg,Kane Williamson
/Kane Williamson/kane_(31).jpg,Kane Williamson
/Kane Williamson/kane_(112).jpg,Kane Williamson
/Kane Williamson/kane_(115).jpg,Kane Williamson
/Kane Williamson/kane_(62).jpg,Kane Williamson
/Kane Williamson/kane_(63).jpg,Kane Williamson
/Kane Williamson/kane_(18).jpg,Kane Williamson
/Kane Williamson/kane_(98).jpg,Kane Williamson
/Kane Williamson/kane_(80).jpg,Kane Williamson
/Kane Williamson/kane_(75).jpg,Kane Williamson
/Kane Williamson/kane_(94).jpg,Kane Williamson
/Kane Williamson/kane_(13).jpg,Kane Williamson
/Kane Williamson/kane_(64).jpg,Kane Williamson
/Kane Williamson/kane_(16).jpg,Kane Williamson
/Kane Williamson/kane_(76).jpg,Kane Williamson
/Kane Williamson/kane_(59).jpg,Kane Williamson
/Kane Williamson/kane_(11).jpg,Kane Williamson
/Kane Williamson/kane_(33).jpg,Kane Williamson
/Kane Williamson/kane_(3).jpg,Kane Williamson
/Kane Williamson/kane_(111).jpg,Kane Williamson
/Kane Williamson/kane_(100).jpg,Kane Williamson
/Kane Williamson/kane_(51).jpg,Kane Williamson
/Kane Williamson/kane_(25).jpg,Kane Williamson
/Kane Williamson/kane_(29).jpg,Kane Williamson
/Kane Williamson/kane_(40).jpg,Kane Williamson
/Kane Williamson/kane_(47).jpg,Kane Williamson
/Kane Williamson/kane_(69).jpg,Kane Williamson
/Kane Williamson/kane_(89).jpg,Kane Williamson
/Kane Williamson/kane_(90).jpg,Kane Williamson
/Kane Williamson/kane_(19).jpg,Kane Williamson
/Kane Williamson/kane_(26).jpg,Kane Williamson
/Kane Williamson/kane_(96).jpg,Kane Williamson
/Kane Williamson/kane_(109).jpg,Kane Williamson
/Kane Williamson/kane_(99).jpg,Kane Williamson
/Kane Williamson/kane_(17).jpg,Kane Williamson
/Kane Williamson/kane_(119).jpg,Kane Williamson
/Kane Williamson/kane_(81).jpg,Kane Williamson
/Kane Williamson/kane_(70).jpg,Kane Williamson
/Kane Williamson/kane_(114).jpg,Kane Williamson
/Kane Williamson/kane_(1).jpg,Kane Williamson
/Kane Williamson/kane_(24).jpg,Kane Williamson
/Kane Williamson/kane_(102).jpg,Kane Williamson
/Kane Williamson/kane_(38).jpg,Kane Williamson
/Kane Williamson/kane_(41).jpg,Kane Williamson
/Kane Williamson/kane_(110).jpg,Kane Williamson
/Kane Williamson/kane_(78).jpg,Kane Williamson
/Kane Williamson/kane_(103).jpg,Kane Williamson
/Kane Williamson/kane_(60).jpg,Kane Williamson
/Kane Williamson/kane_(42).jpg,Kane Williamson
/Kane Williamson/kane_(84).jpg,Kane Williamson
/Kane Williamson/kane_(105).jpg,Kane Williamson
/Kane Williamson/kane_(91).jpg,Kane Williamson
/Kane Williamson/kane_(28).jpg,Kane Williamson
/Kane Williamson/kane_(43).jpg,Kane Williamson
/Kane Williamson/kane_(101).jpg,Kane Williamson
/Kane Williamson/kane_(46).jpg,Kane Williamson
/Kane Williamson/kane_(5).jpg,Kane Williamson
/Kane Williamson/kane_(61).jpg,Kane Williamson
